bec9e1c695642e038074f3aa9c53f8215f6b934b,DELETE,regular-file,node_modules/.cache/default-development/0.pack,1243361,
af7a18df232333799ff5906f93e307f05d3ce127,DELETE,regular-file,node_modules/.cache/default-development/1.pack,1519560,
8dd611d3663c259a249bed5c81e233ba12512aa6,DELETE,regular-file,node_modules/.cache/default-development/10.pack,62913,
4aa1e92089084193f20d33a821fa003713dc73b7,DELETE,regular-file,node_modules/.cache/default-development/11.pack,117337320,
9e9b895eecc5643f270f8cb29f84e3d750dfc9ba,DELETE,regular-file,node_modules/.cache/default-development/12.pack,1218169,
feedee4d734eb8e0527e799361af410ab753615d,DELETE,regular-file,node_modules/.cache/default-development/13.pack,191260,
52d2fd9bad0015d4ce459a09f6f1f3090bad56f4,DELETE,regular-file,node_modules/.cache/default-development/14.pack,15639833,
5bc6c7f6af6fb23630290cbc22459331ce43d789,DELETE,regular-file,node_modules/.cache/default-development/15.pack,43920534,
54773955c5a20be26ddac52f95083dce428b7b7f,DELETE,regular-file,node_modules/.cache/default-development/16.pack,104606,
555c0353e69f6e0b0290de88f70144d72eb19c92,DELETE,regular-file,node_modules/.cache/default-development/17.pack,1044502,
92bb5f2059aa925cd667f33c4498f5c0e1db0fe4,DELETE,regular-file,node_modules/.cache/default-development/18.pack,68531,
d77319f2c9f1f501695ee95b6edad7549377c90a,DELETE,regular-file,node_modules/.cache/default-development/2.pack,1547938,
6c743d7b54760cad3ecdc3f0ba4ca397e35e80f8,DELETE,regular-file,node_modules/.cache/default-development/3.pack,51474,
b95855bc645eb828e2c926c037434d16ea594a80,DELETE,regular-file,node_modules/.cache/default-development/4.pack,50602,
089ff294ac5ed3e0b9b0acb383d24745a9035b26,DELETE,regular-file,node_modules/.cache/default-development/5.pack,1074293,
1212dd8e8b71fc81e93b9f3693fe1d055e69aa11,DELETE,regular-file,node_modules/.cache/default-development/6.pack,1560082,
216a5abd137334805b0ac93d13754b351ee23c1b,DELETE,regular-file,node_modules/.cache/default-development/8.pack,716783,
04aa2954c3c0d9519393c6aebedced14360a1f18,DELETE,regular-file,node_modules/.cache/default-development/9.pack,54686,
4c0e79f642ce3105814babe6097f1983c430e49b,DELETE,regular-file,node_modules/.cache/default-development/index.pack,3412982,
aa2f735fc4437ea21e9f517b3b044506ce1a7ec4,DELETE,regular-file,node_modules/.cache/default-development/index.pack.old,3412797,
